{
  "example01-basic": {
    "title": "1. Basic"
  },
  "example02-complex-columns": {
    "title": "2. Complex columns"
  },
  "example03-custom-editor": {
    "title": "3. Custom Editor"
  },
  "example04-custom-renderer": {
    "title": "4. Custom Renderer"
  },
  "example05-relation-columns": {
    "title": "5. Relation between columns"
  },
  "example06-attributes": {
    "title": "6. _attributes"
  },
  "example07-themes": {
    "title": "7. Themes"
  },
  "example08-date-picker": {
    "title": "8. DatePicker"
  },
  "example09-summary": {
    "title": "9. Summary"
  },
  "example10-data-source": {
    "title": "10. DataSource"
  },
  "example11-row-headers": {
    "title": "11. Customizing Row headers"
  },
  "example12-whitespace": {
    "title": "12. WhiteSpace"
  },
  "example13-i18n": {
    "title": "13. Internationalization (i18n)"
  },
  "example14-tree": {
    "title": "14. Tree"
  },
  "example15-custom-event": {
    "title": "15. Custom Event"
  }
}
