{
  "header": {
    "logo": {
      "src": "https://uicdn.toast.com/toastui/img/tui-grid-bi-white.png"
    },
    "title": {
      "text": "github",
      "linkUrl": "https://github.com/nhn/tui.grid"
    }
  },
  "footer": [
    {
      "title": "NHN",
      "linkUrl": "https://github.com/nhn"
    },
    {
      "title": "FE Development Lab",
      "linkUrl": "https://github.com/nhn/fe.javascript"
    }
  ],
  "main": {
    "filePath": "README.md"
  },
  "api": {
    "filePath": [
      "tmpdoc/grid.js",
      "tmpdoc/dataSource/gridAjax.js",
      "tmpdoc/event/gridEvent.js",
      "tmpdoc/dispatch/data.js",
      "tmpdoc/dispatch/tree.js",
      "tmpdoc/view/container.js",
      "tmpdoc/view/root.js",
      "tmpdoc/dispatch/focus.js",
      "tmpdoc/view/bodyArea.js",
      "tmpdoc/query/sort.js",
      "tmpdoc/query/filter.js",
      "tmpdoc/view/pagination.js"
    ],
    "fileLink": false
  },
  "examples": {
    "filePath": "examples",
    "titles": {
      "example01-basic": "1. Basic",
      "example02-complex-columns": "2. Complex columns",
      "example03-custom-editor": "3. Custom Editor",
      "example04-custom-renderer": "4. Custom Renderer",
      "example05-relation-columns": "5. Relation between columns",
      "example06-attributes": "6. Attributes",
      "example07-themes": "7. Themes",
      "example08-date-picker": "8. DatePicker",
      "example09-summary": "9. Summary",
      "example10-data-source": "10. DataSource",
      "example11-row-headers": "11. Customizing Row headers",
      "example12-whitespace": "12. WhiteSpace",
      "example13-i18n": "13. Internationalization (i18n)",
      "example14-tree": "14. Tree",
      "example15-custom-event": "15. Custom Event",
      "example16-frozen-columns": "16. Frozen Columns",
      "example17-dummy-row": "17. Dummy Rows",
      "example18-column-resize": "18. Column resize",
      "example19-sort": "19. Sort",
      "example20-validation": "20. Validation",
      "example21-header-align": "21. Header Align",
      "example22-setting-width-height": "22. Setting Width, Height",
      "example23-client-pagination": "23. Client Pagination",
      "example24-filter": "24. Filter",
      "example25-large-data-performance": "25. Large Data Performance",
      "example26-infinite-scroll": "26. infinite scroll"
    },
    "globalErrorLogVariable": "errorLogs"
  },
  "pathPrefix": "tui.grid"
}
